Image,Dice (=F1),IoU,Accuracy,Precision,RelAreaError_%,HD95_px,BoundaryF1
0.png,0.965517241391201,0.9333333333777778,0.9999847412109375,0.9333333333777778,7.142857137755102,0.0,1.0
1.png,0.8111269163903728,0.6822653549596324,0.9817657470703125,0.7020519835849465,36.78892215555094,1.0,0.9625416460093597
10.png,0.5044865403798514,0.3373333333351004,0.9620819091796875,0.3378739316257001,194.57120377502306,82.64863356759834,0.23309675009338812
100.png,0.7977777777800247,0.6635859519470687,0.997222900390625,0.9835616438360668,31.7757009339855,2.1062305898748894,0.9537953795379538
101.png,0.9786574870912294,0.958206943040136,0.99053955078125,0.9722982216142461,1.316701316700404,4.0,0.7913884967116233
102.png,0.9189339255969469,0.8500256805343477,0.982177734375,0.9163898117387647,0.5567928730504499,1.0,0.9985566124439239
103.png,0.9526731972147376,0.9096236195629713,0.9938812255859375,0.9727645215715286,4.0471785383810195,8.632133990849383,0.8715172322725472
104.png,0.9679618268575636,0.9379128137385584,0.9949798583984375,0.9535686876439878,3.065058334975153,1.0,0.9935709421772526
105.png,0.974346610087774,0.949976492712788,0.99188232421875,0.9996042346888299,4.928981281154239,3.0,0.8926518239782586
106.png,0.8573797678281203,0.7503628447042789,0.9947509765625,0.8399675060939077,4.233700253986168,1.0,1.0
107.png,0.9230769231360947,0.8571428573469387,0.9999847412109375,0.8571428573469387,16.666666638888888,0.3999999999999986,1.0
108.png,0.9078110041110808,0.8311849025472666,0.950042724609375,0.9446788560712935,7.512195121947148,1.0,0.9978074240581009
109.png,0.9903515728258028,0.9808875507265474,0.99554443359375,0.9883920327133701,0.3972983710764155,2.0,0.9741808613421231
11.png,0.9180722891576136,0.8485523385334398,0.99896240234375,0.9501246882805455,6.526806526654387,1.0,0.9929824561403509
110.png,0.9112649465077957,0.8369942196550636,0.9978485107421875,0.8807785888092363,7.170795306295036,1.0,0.9783132530120482
111.png,0.8737201365230812,0.7757575757711662,0.9994354248046875,0.8533333333431111,4.89510489476258,1.0,1.0
112.png,0.5935278254479118,0.42199755970119923,0.94940185546875,0.4290271132386514,124.37375745477385,38.17523565574468,0.9206875535004455
113.png,0.7272727272759896,0.5714285714366273,0.99652099609375,0.6019801980276835,52.56797582922756,29.174350170784574,0.9151079136690649
114.png,0.95763869909823,0.9187205034089212,0.9976348876953125,0.9424421732117136,3.2777777777595682,1.0,0.9953265832409769
115.png,0.8196852494000805,0.6944632768368486,0.9793701171875,0.8339213025784696,3.3569367951655993,1.0,0.9857601586381676
116.png,0.9886813360772564,0.9776160288017707,0.995635986328125,0.9994399103856622,2.129992169144769,2.23606797749979,0.9465683950404437
117.png,0.974094292803996,0.9494969040248655,0.9960174560546875,0.972260748959833,0.3778838504367982,1.0,0.9721753794266442
118.png,0.9382358744984949,0.8836575393385161,0.9856719970703125,0.8886120109645046,11.829455204107804,9.219544457292887,0.8939468995515288
119.png,8.403361343831651e-11,8.403361343831651e-11,0.9981842041015625,3.846153844674556e-10,72.04301074494161,42.98246557435059,0.4948453608247421
12.png,0.9924433249370549,0.9850000000001071,0.9996795654296875,0.9920863309353087,0.07199424046024483,1.0,0.9950738916256158
120.png,0.9723253050037662,0.946141137597382,0.9825897216796875,0.9913938074982731,3.7742135072087124,5.0,0.9159920997468943
121.png,0.7580047919848443,0.6103121711693781,0.9830474853515625,0.9841628959276914,37.37159050642093,4.123105625617661,0.8859537184428979
122.png,0.8210322484547397,0.6963992419460563,0.9633331298828125,0.704589032340912,39.59671663090722,1.0,0.9986630100150186
123.png,0.9824525813977166,0.9655103668261907,0.994720458984375,0.9983508554937144,3.134984025555975,2.0,0.9710818850790668
124.png,0.9012987012999831,0.8203309692713869,0.99884033203125,0.9480874316954074,9.405940593826585,1.0,1.0
125.png,0.7252980132457608,0.568994181215424,0.9841766357421875,0.5783692437702646,68.11079545406173,3.0,0.9409136089561961
126.png,0.3089514066531512,0.18269812462684396,0.9793853759765625,0.9235474006139588,79.91400491351405,25.495097567963924,0.5829471776161372
127.png,0.7207207207291075,0.5633802817106394,0.9985809326171875,1.0,43.66197182893606,1.0,1.0
128.png,0.9557007988380859,0.9151599443672946,0.990692138671875,0.942018611310033,2.947678703017026,1.4142135623730951,0.9779608003315617
129.png,0.9873225152129846,0.9749624436655097,0.991607666015625,0.9995332991086016,2.413808808123872,2.23606797749979,0.9142165814463111
13.png,0.8738738738795553,0.77600000001792,0.99957275390625,0.8818181818289256,1.7857142855548471,1.0,0.9907407407407407
130.png,0.9181740856252236,0.848726281581037,0.9779815673828125,0.9742478941035206,10.884718498647844,1.0,0.9982762368150482
131.png,0.8890466992387545,0.8002556890821784,0.940399169921875,0.8554170766372279,8.184506209338743,1.0,0.9968085964811408
132.png,0.41269841279163516,0.260000000148,0.9994354248046875,0.260000000148,284.61538439644966,89.41797905840353,0.5714285714285715
133.png,0.8691642651304371,0.768603465853531,0.9965362548828125,0.9703989703993514,18.893528183518857,1.0,0.9922871014126525
134.png,0.8965517241418945,0.8125000000130207,0.9995880126953125,0.921259842525885,5.223880596625084,1.0,0.9789473684210526
135.png,0.8968635207688701,0.8130122950829252,0.9944305419921875,0.9875544492844582,16.821946169685187,1.4142135623730951,0.9822767787635494
136.png,0.8910600879337387,0.8035242290754668,0.9897918701171875,0.9959956315981217,19.06305244543588,1.0,1.0
137.png,0.7678929765901813,0.6232356134677173,0.9947052001953125,0.9965277777778381,37.32317736629681,1.0,1.0
138.png,0.9005128205131606,0.8190298507473941,0.9955596923828125,0.8596605744134487,9.978463747236336,1.0,1.0
139.png,0.6760563380509819,0.5106382979244002,0.999298095703125,0.5161290323100937,89.79591834902124,110.80565929773759,0.6538461538461539
14.png,0.9877465106372331,0.9757896821467532,0.985076904296875,0.98220871125287,1.1340154226094619,42.213121250977096,0.7335937454520052
140.png,0.8852631578953407,0.7941454202096871,0.996673583984375,0.9545970488086879,13.54268891056386,1.0,0.9965277777777778
141.png,0.8730385164069466,0.7746835443095017,0.9986419677734375,0.8360655737749709,9.25373134300735,1.0,1.0
142.png,0.8128095080886839,0.6846496106791163,0.9740447998046875,0.989019817889692,30.244722585409594,1.0,0.978469110410343
143.png,0.8744939271267764,0.7769784172701982,0.99810791015625,0.9621380846333599,16.697588125849766,1.0,1.0
144.png,0.9658093797277888,0.9338794616738801,0.9982757568359375,0.9388235294121245,5.91900311522792,1.0,1.0
145.png,0.4594195769824918,0.29821200511303825,0.9832305908203125,1.0,70.17879948869619,21.207307601801592,0.8361879666227492
146.png,0.8960191718813793,0.8116256632903723,0.9880828857421875,0.9952676722863198,18.13559322029507,1.0,0.9988324576765907
147.png,0.7810026385235831,0.6406926406957516,0.9936676025390625,0.9906291834003932,34.93031358854591,1.0,0.9972552607502287
148.png,0.7449168207047605,0.5935198821856624,0.99578857421875,0.6209553158764105,49.884526557739385,6.810332556124564,0.9409836065573771
149.png,0.9895322313533139,0.9792813408374177,0.9948883056640625,0.9965384857448571,1.3963013528599997,1.4142135623730951,0.9898530197134697
15.png,0.45144804089053286,0.2915291529230855,0.99017333984375,0.2915291529230855,243.01886791535776,57.072320394582654,0.7372881355932204
150.png,0.9746169677567468,0.9504906333632895,0.9983062744140625,0.9594777127421905,3.206319702587331,2.23606797749979,0.9442359693173665
151.png,0.05825242727589783,0.030000000097,0.9985198974609375,0.03333333344074074,592.3076918520709,205.25246783292096,0.09909909909909909
152.png,0.9242742953303014,0.8592100117326825,0.9835205078125,0.9319852941177432,1.641168289288399,1.0,0.9806265108487625
153.png,0.9198843427752821,0.8516535582299575,0.9522247314453125,0.9736742321651191,10.470417070799966,1.0,0.996987839226067
154.png,0.8528528528531291,0.7434554973830384,0.988037109375,0.7910863509756577,16.938110749116703,1.0,0.9852798924791137
155.png,0.8623371164356217,0.7579900240167042,0.980010986328125,0.983225497244229,21.89781021893712,1.0,0.9916967366032635
156.png,0.7014492753640496,0.540178571432677,0.9921417236328125,1.0,45.9821428567323,5.0,0.6847655631806867
157.png,0.4000000004,0.250000000625,0.9998626708984375,0.6000000008,49.999999949999996,71.2445255848413,0.5714285714285715
158.png,0.16842105264908586,0.09195402300938037,0.9939727783203125,0.20942408381102492,32.74647887208639,87.69264507357501,0.699859810970922
159.png,0.8710407239820047,0.7715430861726718,0.97564697265625,0.9400069759331356,13.670581150235364,1.0,0.9753480006423043
16.png,0.9917440660474858,0.9836233367451941,0.999267578125,0.9924268502582017,0.13750429700880887,1.0,1.0
160.png,0.7368421052704476,0.5833333333516082,0.9985504150390625,0.6425120773119559,34.415584413349634,58.52349955359813,0.9494949494949495
161.png,0.9749804126403891,0.9511822258459527,0.9926910400390625,0.9637546468401861,2.3570447098590455,1.0,0.9875787865062874
162.png,0.8689425478769877,0.7682567726744162,0.9879913330078125,0.9341210168280196,13.044831880407706,1.0,0.9890138466126052
163.png,0.7142857144897959,0.5555555560493827,0.99993896484375,0.6250000004687499,33.333333277777776,1.0,1.0
164.png,0.9210526315893351,0.853658536621059,0.999908447265625,0.853658536621059,17.142857137959183,1.0,0.9705882352941176
165.png,0.7309304274940892,0.5759577278741173,0.970611572265625,0.5771012574463333,72.68571428543738,5.656854249492381,0.9266078992852357
166.png,0.8299595141734826,0.7093425605636906,0.99871826171875,0.7093425605636906,40.975609754098755,1.970710678118648,0.9758582849976485
167.png,0.9592592592592777,0.9217081850534488,0.986236572265625,0.9432403624090041,3.455247197203221,2.0,0.9551450803789345
17.png,0.8518518518792867,0.7419354839542144,0.9998779296875,0.7931034483472057,15.9999999936,1.0,1.0
18.png,0.6304347826220857,0.4603174603460149,0.998443603515625,0.4603174603460149,117.24137929686881,4.47213595499958,0.8741382074715408
19.png,0.9933430413979683,0.9867741268857475,0.9990234375,0.9929299230609421,0.08324661810596619,1.0,1.0
2.png,0.7466666666682751,0.5957446808551596,0.9939117431640625,0.9966101694915829,40.10152284223247,1.2692388155424554,0.9767080745341615
20.png,0.9844498314905786,0.9693758733116332,0.9959869384765625,0.9697146185207108,3.085975024011664,2.0,0.9519570013704355
21.png,0.8627450980406322,0.7586206896595532,0.9979705810546875,0.9881796690310123,22.527472527059935,1.0,0.9988165680473373
22.png,0.752941176499654,0.6037735849804201,0.9996795654296875,0.6274509804652056,49.99999998529412,1.0,0.98
23.png,0.8383333333336701,0.7216642754672824,0.9881591796875,0.7399779330645826,30.658337337671032,2.0,0.9557377049180328
24.png,0.9189189189220495,0.8500000000107142,0.9996795654296875,0.9444444444488536,5.2631578943411155,1.0,0.9959183673469388
25.png,0.762809441566601,0.6165658445806581,0.9874267578125,0.6523879862153994,40.748440748158366,3.1622776601683795,0.9399357715942069
26.png,0.9539629805412722,0.9119782214164068,0.9985198974609375,0.9589694656492466,1.0387157695841482,2.0,0.9955947136563876
27.png,0.8296722884958647,0.7089230480833683,0.9052276611328125,0.7188613790810632,36.447931526367235,24.770933989850167,0.07322501669263298
28.png,0.9708454810499877,0.943342776205571,0.99969482421875,0.9970059880240417,5.11363636349109,1.0,1.0
29.png,0.8755000000000778,0.778568252556938,0.9696044921875,0.9733185102835279,18.26442526122414,6.8395121628746,0.9102385713889064
3.png,0.6639583597820694,0.4969593310537876,0.9596099853515625,0.9867924528302385,49.301702697437726,1.0,0.9813457724229206
30.png,0.7022006625652495,0.5410702889966805,0.923187255859375,0.9971438172043059,45.653761869936396,7.0,0.9156784166189581
31.png,0.869565217410208,0.7692307692899408,0.9998626708984375,0.7692307692899408,29.99999999,1.0,0.9855072463768115
32.png,0.9152211092110549,0.8436936936943977,0.9947052001953125,0.850590372389416,16.44632469584111,1.4142135623730951,0.9697990219336193
33.png,0.899440421329905,0.8172573650369115,0.981353759765625,0.8266525487825946,19.310593755604927,1.4142135623730951,0.957390562682032
34.png,0.9575663026521392,0.9185872493266708,0.99169921875,0.9940080971660016,7.072987208416745,1.0,0.9961664247987819
35.png,0.7704260651634827,0.6265796983300995,0.98602294921875,0.628372853640113,58.41968911879262,2.0,0.9856703402755638
36.png,0.8630368616846025,0.7590719809651453,0.9938201904296875,0.7970018738301249,18.067846607536374,1.0,0.9956217162872154
37.png,0.9183504013287618,0.8490276356200152,0.9954986572265625,0.9730205278593957,10.639412997847803,1.0,0.9955120399152652
38.png,0.9522471910112503,0.9088471849866472,0.975616455078125,0.9088471849866472,10.029498525067451,13.703311226985443,0.7090715137317241
39.png,0.7685087635286193,0.6240472857370912,0.9631195068359375,0.6273651290076194,58.05734058314865,1.0,0.9803271292926232
4.png,0.008438818607238868,0.004237288177786555,0.9964141845703125,0.013513513646822498,54.60122699051526,195.43764517904668,0.3670212765957447
40.png,0.9161232693167342,0.845228284160466,0.9856719970703125,0.8522519528006444,16.20316724600965,1.0,0.9892772929840281
41.png,0.8941176470712803,0.8085106383386148,0.9998626708984375,0.8085106383386148,23.684210520083102,1.0,1.0
42.png,0.8424777045367184,0.727828490076436,0.950408935546875,0.7310733512788266,35.95608417196254,1.0,0.9980128263029536
43.png,0.7887323943736362,0.6511627907179556,0.99908447265625,0.8682170542737815,16.77419354730489,22.15275669283193,0.8629032258064516
44.png,0.9898322318251274,0.9798691494716159,0.998779296875,0.9883248730964763,0.30549898166928335,1.0,1.0
45.png,0.9806862076800815,0.9621043245653481,0.9935150146484375,0.9636509779405522,3.5991857883016287,2.8284271247461903,0.8828690011680792
46.png,0.7379784102073701,0.5847589424604607,0.991851806640625,0.9947089947090647,41.029641185327385,1.0,0.9963069347558473
47.png,0.8257605689457694,0.7032301480504493,0.9932708740234375,0.8407079646030514,3.493788819848651,1.0,0.9576555123809629
48.png,0.7714285714612246,0.6279069768307193,0.999755859375,0.6585365854491374,41.37931033055885,1.0,1.0
49.png,0.6000000000060606,0.42857142858379715,0.9959716796875,0.4323144104927442,126.73267326105284,5.0990195135927845,0.6809293765815506
5.png,0.25988700566365563,0.14935064936906164,0.9940032958984375,0.8846153846301775,82.78145695181497,46.74594823845443,0.36462093862815886
50.png,0.9044776119417243,0.8256130790238253,0.9990234375,0.8278688524637194,20.394736841434383,1.0,0.9910664433277498
51.png,0.9977835723598449,0.9955769480941907,0.999481201171875,0.99960815047022,0.3643935450281567,1.0,1.0
52.png,0.9038461538553993,0.8245614035395507,0.999847412109375,0.8545454545719008,12.244897956684714,1.0,0.9662921348314606
53.png,0.8270221145112784,0.7050619834725979,0.9912872314453125,0.9545454545457724,23.57028327085211,1.0,0.9797134157344949
54.png,0.8314606741610908,0.7115384615495562,0.9988555908203125,0.7370517928391613,29.381443297454563,1.0,0.9832769576075616
55.png,0.10937500000386557,0.05785123967374724,0.96868896484375,0.9921259842525885,94.16628387646226,34.713109915419565,0.2155491567256273
56.png,0.9915703275529967,0.9832815858610383,0.998931884765625,0.9856356236533741,1.2115338017901345,1.0,1.0
57.png,0.9849624060150565,0.9703703703704435,0.9981689453125,0.9847156101228145,0.05013787916758552,1.0,0.9971574758385446
58.png,0.9073593073595747,0.8304278922354441,0.9951019287109375,0.8520325203260052,13.888888888803155,7.211102550927978,0.942340791738382
59.png,0.8279266572639251,0.7063778580029115,0.97393798828125,0.9428636989446011,21.73132183904143,1.0,0.9922066535905724
6.png,0.9116420174444003,0.8376306620220374,0.9964447021484375,0.9126803340932977,0.22727272727100556,1.0,0.9892307692307691
60.png,0.78360145303693,0.6441979522214659,0.9936370849609375,0.6441979522214659,55.23178807873865,4.300014504089359,0.5297136990988937
61.png,0.9346255896226656,0.8772742995504135,0.972930908203125,0.8985969387755821,8.35380835380194,16.278820596099706,0.8835300548460268
62.png,0.7584149978698781,0.6108442004124728,0.96539306640625,0.852082336046309,19.80806142030747,2.23606797749979,0.9317233650650445
63.png,0.22111269615391504,0.1242983159653224,0.98333740234375,0.1242983159653224,704.5161289868054,111.40825184901105,0.27522935779816515
64.png,0.9376947040508147,0.8826979472175162,0.9993896484375,0.9525316455711225,3.0674846624825927,1.0,1.0
65.png,0.923217550274925,0.8573853989837456,0.99871826171875,0.8691910499161929,13.255360623523288,3.1622776601683795,0.9062401104749849
66.png,0.9705056179777352,0.9427012278316139,0.999359130859375,0.9677871148463896,0.5633802816822059,1.0,1.0
67.png,0.9531013615740832,0.9104046242800461,0.9995269775390625,0.9782608695658925,5.014749262388945,1.0,1.0
68.png,0.9046619067622652,0.825920245400108,0.9965362548828125,0.9908003679853652,15.996908809768188,1.0,1.0
69.png,0.158546809502414,0.086098745448112,0.8621673583984375,0.998826291079826,91.37913588981951,16.15549442140351,0.37385642462705015
7.png,0.8754365541331958,0.7784679089042204,0.9951019287109375,0.7790055248634047,28.255093002406955,3.1622776601683795,0.9032320339773805
70.png,0.7598116169582447,0.6126582278579074,0.9976654052734375,0.9958847736627208,38.32487309547399,1.0,0.9883870967741936
71.png,0.9950576606260335,0.9901639344262448,0.9990386962890625,0.9963864886095893,0.2663741773734466,1.0,0.9877750611246945
72.png,0.9208053691280483,0.8532338308475966,0.998199462890625,0.9594405594411267,7.741935483771072,1.0,1.0
73.png,0.8644859813115774,0.7613168724378059,0.999114990234375,0.8185840708044875,11.881188118223703,1.0,1.0
74.png,0.5565694595114821,0.3855879752436909,0.8939666748046875,0.9997707473635952,61.42895039343759,5.830951894845301,0.8992998756788589
75.png,0.8836490143024306,0.7915512465378773,0.9862213134765625,0.9047493403696445,4.558045832272581,1.0,0.9961698863132101
76.png,0.8283485045524814,0.706992230857858,0.9959716796875,0.9830246913582866,27.191011235649537,1.0,0.9916279069767442
77.png,0.574257425744916,0.402777777782386,0.988189697265625,0.9738805970154126,58.19032761265063,61.40032573203501,0.6648104113647375
78.png,0.8160000000024533,0.6891891891961894,0.997894287109375,0.8181818181866797,0.5319148936028746,1.4142135623730951,0.9524363592968009
79.png,0.8945147679339731,0.8091603053483675,0.9988555908203125,0.8302872062707497,16.768292682415602,1.0,0.9984591679506933
8.png,0.9971032859599904,0.9942233053524738,0.9990234375,0.9988211824446873,0.34339418037200126,1.0,1.0
80.png,0.9047619047694634,0.826086956546944,0.99981689453125,0.8769230769420119,6.557377048105348,1.0,1.0
81.png,0.9230769231065089,0.8571428572448979,0.999969482421875,0.8571428572448979,16.666666652777774,0.75,1.0
82.png,0.9249743062694631,0.8604206500962694,0.99554443359375,0.9574468085108646,6.5606361828699775,1.0,0.9991783073130649
83.png,0.7082703927495201,0.5483116503441773,0.952850341796875,0.8844612119785794,33.22311447010986,2.23606797749979,0.941064817967268
84.png,0.9870064853794546,0.9743463024530621,0.9912872314453125,0.9743463024530621,2.632913727116414,3.0,0.8976098849666132
85.png,0.9580838323378393,0.9195402298943057,0.9998931884765625,0.9523809523866213,1.2048192769632748,1.0,0.9787234042553191
86.png,0.5767728512827384,0.4052570609004289,0.6709747314453125,0.5115947075210614,29.2005938188721,70.91535287777737,0.06617803021375882
87.png,0.8422301304867326,0.7274590163945596,0.9898529052734375,0.9220779220783268,15.93886462875136,1.0,0.9840236333803682
88.png,0.9283620467986997,0.8663019483636949,0.9787445068359375,0.928505297808941,0.030851501439705005,1.0,0.9974542066977646
89.png,0.9287211740045664,0.8669275929562923,0.9979248046875,0.9306722689082912,0.41841004183662756,3.605551275463989,0.9251968503937008
9.png,0.9760701044826514,0.9532587228440105,0.9902496337890625,0.9668373024705342,1.9283121597081607,5.0990195135927845,0.7111119814359707
90.png,0.9263959390872285,0.8628841607597427,0.999114990234375,0.9311224489813489,1.0101010100755026,1.0,1.0
91.png,0.9856574836694223,0.9717205655887278,0.996917724609375,0.9802287812456147,1.1138083678407629,2.3249218495867363,0.937643634135131
92.png,0.8375796178369812,0.7205479452131357,0.998443603515625,0.7993920972705352,10.033444815717944,1.0,0.9983193277310924
93.png,0.9747762408464217,0.9507936507944319,0.9995269775390625,0.9739837398378214,0.1628664495087481,1.0,0.9970501474926253
94.png,0.8498168498182253,0.7388535031888718,0.99749755859375,0.8126094570961014,9.596928982541325,1.0,0.9963194263054164
95.png,0.8689138576795391,0.768211920534918,0.9983978271484375,0.890025575450383,4.6341463413503865,1.0,0.9987669543773119
96.png,0.991770033471159,0.9836744258709704,0.9968109130859375,0.9908726099614519,0.1813022229227642,1.4142135623730951,0.994607234198027
97.png,0.3435582822287252,0.2074074074367627,0.996734619140625,0.3274853801562874,10.322580644495318,17.441036736744326,0.7395051431748679
98.png,0.3434959349626855,0.20736196319504688,0.98028564453125,0.9629629629640182,78.2931354355084,24.42229305751891,0.6081494226251529
99.png,0.3546798029715596,0.21556886229893504,0.996002197265625,0.2589928057820506,117.18749999084473,117.50876670950825,0.7389844860434874
