Image,Dice (=F1),IoU,Accuracy,Precision,Recall
0.png,0.73684210533241,0.5833333335069445,0.999847412109375,0.5833333335069445,1.0
1.png,0.5987752324794752,0.42732275817509335,0.946014404296875,0.42954767328436455,0.9880239520958533
10.png,0.5036655438884413,0.3365995762729433,0.9617767333984375,0.3365995762729433,1.0
100.png,0.8588007736957564,0.7525423728855501,0.997772216796875,0.8897795591204453,0.8299065420592541
101.png,0.7240815243822786,0.5674982674985671,0.9047698974609375,1.0,0.5674982674985671
102.png,0.884334684850804,0.792652306066086,0.9760589599609375,0.9399780598653189,0.8349109131405416
103.png,0.40062420201475357,0.25048784814662023,0.8065948486328125,0.2517981335081425,0.9796484736355697
104.png,0.457266889753343,0.2964005158873863,0.816864013671875,0.2964178929475896,0.9998022543009694
105.png,0.26199231837929066,0.15074290013245178,0.8621978759765625,0.9981320049813317,0.15078543881182316
106.png,0.6764018691598236,0.5110326566658825,0.98309326171875,0.5162728488652863,0.9805249788316637
107.png,1.0,1.0,1.0,1.0,1.0
108.png,0.8489581744409992,0.7375563212299298,0.9244537353515625,0.9710377556005506,0.7541463414635479
109.png,0.9103582880245678,0.8354657113614153,0.96075439453125,0.9610007358352016,0.8647861210436599
11.png,0.8611955420480122,0.756227758011455,0.9979095458984375,0.7616487455239848,0.990675990676208
110.png,0.809217577707346,0.6795679567985639,0.99456787109375,0.6869881710674524,0.984354628422629
111.png,0.7928571428645408,0.656804733748118,0.999114990234375,0.8102189781160423,0.7762237762394248
112.png,0.4669144981419245,0.3045586808934617,0.934356689453125,0.33915391539272877,0.7491053677942381
113.png,0.6934557979369294,0.5307557117832907,0.9959259033203125,0.5592592592674211,0.9123867069512874
114.png,0.9432268286243908,0.8925537231389677,0.9967193603515625,0.8988424760951241,0.9922222222222654
115.png,0.6660419351064002,0.4992975061477006,0.9564971923828125,0.6018204911100723,0.7456071334913569
116.png,0.5731843575421379,0.4017227877843369,0.8834228515625,1.0,0.4017227877843369
117.png,0.92361927144544,0.8580786026203691,0.9890899658203125,0.997692130163864,0.8597852028642406
118.png,0.7237014925374784,0.5670315277392018,0.92938232421875,0.6331348584564576,0.8445032743488303
119.png,9.345794391649927e-11,9.345794391649927e-11,0.9983673095703125,7.142857137755101e-10,1.0752688170886808e-10
12.png,0.633268482492056,0.46334519573335703,0.988494873046875,0.9760119940033581,0.46868250540339323
120.png,0.6566124548679885,0.4887736656838128,0.8360137939453125,0.9989305852615216,0.48902955594712816
121.png,0.47280799112156174,0.3095930232568174,0.927520751953125,0.3442702440611859,0.7545164718393393
122.png,0.7456743937472472,0.5944823178530096,0.9419097900390625,0.5959423384948254,0.9958957887223485
123.png,0.9738899391957622,0.9491086545165331,0.9922027587890625,0.997383568812143,0.9514776357827961
124.png,0.8690869086923093,0.7684824902768778,0.9981842041015625,0.7821782178260955,0.9777227722777792
125.png,0.6528203917874609,0.48458304134728597,0.9775543212890625,0.4888653234376498,0.9822443181819442
126.png,0.2947154471580553,0.17282479142328472,0.97882080078125,0.8529411764749135,0.17813267813772649
127.png,0.7932011331503342,0.6572769953212546,0.9988861083984375,1.0,0.6572769953212546
128.png,0.33548418996777785,0.20155061787095963,0.5898590087890625,0.20155061787095963,1.0
129.png,0.8307684115235554,0.710525117274805,0.90301513671875,1.0,0.710525117274805
13.png,0.8868778280594173,0.7967479674961994,0.9996185302734375,0.8990825688165979,0.8750000000111607
130.png,0.24931821827719786,0.14241207104580975,0.143157958984375,0.14241207104580975,1.0
131.png,0.7693384669234269,0.6251422070536831,0.899444580078125,0.9425385934820389,0.6499112950918687
132.png,0.19847328250393334,0.1101694916008331,0.9983978271484375,0.1101694916008331,1.0
133.png,0.7182064166999683,0.5603136308832309,0.9888763427734375,0.5702885205674015,0.9697286012529256
134.png,0.8211920529860532,0.6966292135001892,0.999176025390625,0.7380952381108276,0.9253731343339273
135.png,0.903171484704173,0.8234390992844246,0.9947357177734375,0.9865113427346014,0.8328157349905133
136.png,0.8893140202242562,0.8006889763784432,0.987640380859375,0.8292558613663882,0.9587507365941109
137.png,0.884137245152242,0.7923351158663785,0.9964447021484375,0.8141025641042665,0.967355821545513
138.png,0.7777777777784044,0.6363636363653145,0.98797607421875,0.6405016256403135,0.9899497487437907
139.png,0.3223684210749221,0.19215686277677815,0.996856689453125,0.19215686277677815,1.0
14.png,0.7887497515404702,0.6511864518035296,0.6756591796875,0.6511864518035296,1.0
140.png,0.8928074245944649,0.8063704945531739,0.9964752197265625,0.8468309859168414,0.944062806673758
141.png,0.7186147186177639,0.5608108108182296,0.99603271484375,0.5636672326050312,0.9910447761196703
142.png,0.8235108231949569,0.6999731399413108,0.965911865234375,0.7134839151270178,0.973659630114004
143.png,0.7386124737229249,0.5855555555601605,0.9943084716796875,0.5934684684730466,0.9777365491655337
144.png,0.561317449194882,0.390160740381417,0.9617919921875,0.3904460151123801,0.998130841121507
145.png,0.5177472787528739,0.34929757343965967,0.9844512939453125,1.0,0.34929757343965967
146.png,0.9267512002955475,0.8635008029367665,0.9909210205078125,0.9426496368646565,0.911380145278665
147.png,0.8733974358979432,0.7752489331452684,0.99517822265625,0.8086053412477107,0.9494773519168164
148.png,0.4881087202746993,0.3228464419526379,0.9862060546875,0.32333083271325336,0.9953810623557648
149.png,0.9598811292719293,0.9228571428571888,0.980224609375,0.9576281655343066,0.9621447188780178
15.png,0.41536050157197996,0.2621167161299494,0.988616943359375,0.2621167161299494,1.0
150.png,0.748987854251738,0.5987055016199783,0.98675537109375,0.9915773353752559,0.601765799258356
151.png,0.00039966796830319433,0.00019987392583136794,0.00775146484375,0.00019987392583136794,1.0
152.png,0.8884093711468184,0.7992235163618979,0.9779052734375,0.9961977186311852,0.8016689847012494
153.png,0.8091924820279445,0.6795325607333174,0.8991546630859375,0.9997859741742172,0.6796314258003494
154.png,0.7684881916914869,0.6240201567759686,0.9795074462890625,0.6663677130054817,0.9075732899026565
155.png,0.8329366968111749,0.7137030995109928,0.967864990234375,0.722841800909097,0.9825940482875115
156.png,0.7785888077866576,0.6374501992052507,0.9902801513671875,0.6374501992052507,1.0
157.png,1.5471254409305113e-13,1.5471254409305113e-13,0.01373291015625,1.5473648376811893e-13,9.99999999e-10
158.png,0.00841830144828087,0.004226942562564209,0.0042877197265625,0.0042273941245319765,0.9753521126769242
159.png,0.7496234939761393,0.5995182174049992,0.95941162109375,1.0,0.5995182174049992
16.png,0.7009574704972145,0.539595474804458,0.9795074462890625,0.9949431099873898,0.5410794087331005
160.png,0.008350277891010343,0.0041926438161214805,0.4418792724609375,0.0041926438161214805,1.0
161.png,0.7724611008868276,0.6292762709556841,0.9169921875,0.6391638402438989,0.9760067646126456
162.png,0.8854441171913108,0.7944367176639933,0.9887237548828125,0.881753627663224,0.8891656288920013
163.png,0.6315789475623269,0.4615384619526627,0.9998931884765625,0.4615384619526627,1.0
164.png,0.7142857143148688,0.5555555556261023,0.99957275390625,0.5555555556261023,1.0
165.png,0.6865348144138628,0.5226897689778822,0.964691162109375,0.5326886693303916,0.9653333333334654
166.png,0.00970873791215006,0.004878048829030339,0.99688720703125,1.0,0.004878048829030339
167.png,0.523606044815132,0.3546519836229865,0.72100830078125,0.3654083933379281,0.9233596765301201
17.png,0.7142857143265307,0.555555555654321,0.99969482421875,0.555555555654321,1.0
18.png,0.6590909091038223,0.4915254237575409,0.998626708984375,0.4915254237575409,1.0
19.png,0.06210929623096974,0.03204994797287815,0.9290313720703125,1.0,0.03204994797287815
2.png,0.7739130434796652,0.6312056737626017,0.99444580078125,0.9968000000000512,0.6324873096484012
20.png,0.7884256988720999,0.6507448186531325,0.934173583984375,0.6663903166973417,0.9651777137368333
21.png,0.7278820375353359,0.5721812434186282,0.993804931640625,0.5739957716746935,0.9945054945055951
22.png,0.6355140187256528,0.46575342473071873,0.9994049072265625,0.46575342473071873,1.0
23.png,0.8385362828202635,0.7219651121405413,0.9880828857421875,0.735849056604732,0.9745314752524049
24.png,0.7728613569388536,0.62980769232549,0.9988250732421875,0.6359223301147611,0.9849624060161682
25.png,0.5214112577443538,0.3526411657582782,0.9728851318359375,0.42643171806420077,0.6708246708269521
26.png,0.6664568911275441,0.499764039643701,0.98382568359375,0.499764039643701,1.0
27.png,0.5376264157587807,0.3676395837236503,0.6393280029296875,0.3849407546431595,0.891064712748093
28.png,0.8160535117087616,0.6892655367319417,0.998321533203125,0.9918699186995175,0.6931818181905346
29.png,0.42017403658371494,0.26596223021665244,0.900360107421875,0.962571196094538,0.2687414811457647
3.png,0.4459640255694277,0.28697149416627704,0.9431304931640625,1.0,0.28697149416627704
30.png,0.5916506101479823,0.4201021524996168,0.902984619140625,0.9974014724989229,0.42056245434676715
31.png,0.0009518974490733355,0.000476175359671046,0.03912353515625,0.000476175359671046,1.0
32.png,0.8957219251339686,0.8111380145287597,0.994049072265625,0.9058950784212769,0.8857747223697209
33.png,0.6963393816781335,0.5341416100877457,0.9267120361328125,0.5359089139747606,0.9938639234795275
34.png,0.9073200896653727,0.8303621958123509,0.9817047119140625,0.9327717736809714,0.8832204665163533
35.png,0.8219544846055638,0.6977272727286467,0.9898529052734375,0.7005933363774505,0.9941709844559963
36.png,0.766456783057337,0.6213457076583696,0.987548828125,0.6262862488324308,0.9874631268437503
37.png,0.835734870317367,0.7178217821792924,0.9886932373046875,0.7241644256637566,0.987945492662537
38.png,0.8607615939825058,0.7555587921158581,0.9231719970703125,0.7693790785051565,0.9767777568568525
39.png,0.6677313608475517,0.5011987381709764,0.9396820068359375,0.5059228123812177,0.9817103311913452
4.png,0.004962174833096647,0.0024872585224459845,0.0025177001953125,0.0024872585224459845,1.0
40.png,0.14914150725985983,0.0805796379598922,0.098663330078125,0.08058089219576618,0.9998068752414063
41.png,0.5241379310673008,0.3551401869761551,0.9989471435546875,0.3551401869761551,1.0
42.png,0.8246809327320677,0.7016655780538034,0.944244384765625,0.7103653496448088,0.9828453796889491
43.png,0.688405797112739,0.5248618784792893,0.998687744140625,0.785123966959907,0.6129032258314255
44.png,0.41324984851663654,0.2604378818756099,0.9556732177734375,1.0,0.2604378818756099
45.png,0.9101454879404949,0.8351073265923052,0.9716339111328125,0.952838781499896,0.8711139896374249
46.png,0.8723554301838069,0.7736085053172382,0.994476318359375,0.7960102960116087,0.9648985959441115
47.png,0.04237651168170785,0.021646916240401687,0.113128662109375,0.021647645019186337,0.9984472049689561
48.png,0.6987951807591813,0.537037037122771,0.9996185302734375,0.537037037122771,1.0
49.png,0.3881578947469053,0.24081632654610577,0.99432373046875,0.29064039410614184,0.5841584158621703
5.png,0.09324419423101118,0.04890201144298044,0.921356201171875,0.05065952972844454,0.5849889624815676
50.png,0.8748201438866933,0.7774936061437981,0.9986724853515625,0.7774936061437981,1.0
51.png,0.28654253540050556,0.16723060905886616,0.9023590087890625,1.0,0.16723060905886616
52.png,0.0021861336666810505,0.001094262935974208,0.317474365234375,0.001094262935974208,1.0
53.png,0.06037797063848481,0.03112873009517076,0.1161651611328125,0.031133937832664514,0.9946552645644327
54.png,0.6643109540695351,0.49735449736779486,0.997100830078125,0.5053763440993179,0.9690721649500478
55.png,0.06462350436335133,0.03339066301011274,0.048095703125,0.033402049072487346,0.9898943500230138
56.png,0.9759179780639294,0.9529685681025543,0.996917724609375,0.9605726355316578,0.9917615701478271
57.png,0.9204301075269886,0.85258964143463,0.990966796875,0.9921761808171771,0.8583604913515709
58.png,0.8616452991456687,0.7569216330372739,0.992095947265625,0.7594161958580065,0.9956790123457057
59.png,0.757501302956029,0.6096596356668148,0.9503021240234375,0.6469540887706385,0.9136135057472816
6.png,0.7857570317181755,0.6471168063102656,0.98907470703125,0.649357072207471,0.9946969696970098
60.png,0.38777606574373963,0.2405224593843883,0.963623046875,0.2405224593843883,1.0
61.png,0.5291256132251455,0.35973541859374997,0.65142822265625,0.36165116934365693,0.9854883292383404
62.png,0.3952095808391856,0.24626865671775716,0.935272216796875,0.7682926829281137,0.26602687140256037
63.png,0.5517241379391702,0.38095238096789596,0.9962310791015625,0.3838383838539435,0.9806451612915713
64.png,0.9263157894747922,0.8627450980430603,0.9992523193359375,0.908554572274084,0.9447852760753134
65.png,0.951474785918635,0.9074410163356181,0.9992218017578125,0.9293680297410898,0.9746588693962055
66.png,0.5708542713610969,0.3994374121040867,0.9934844970703125,0.9964912280702986,0.4000000000084507
67.png,0.9481065918660855,0.9013333333359644,0.9994354248046875,0.9037433155105951,0.9970501474927124
68.png,0.8533333333338222,0.7441860465131152,0.9932861328125,0.7502930832371026,0.9891808346214128
69.png,0.07536514118882631,0.039158150360174886,0.8551025390625,1.0,0.039158150360174886
7.png,0.23481697171460603,0.133026982444759,0.887725830078125,0.133026982444759,1.0
70.png,0.7656250000036621,0.6202531645665759,0.997711181640625,0.9959349593497587,0.6218274111771109
71.png,0.2184405077427557,0.1226119636719032,0.9145050048828125,0.9949174078780824,0.12268881228592497
72.png,0.9024536205870589,0.8222464558361805,0.9975128173828125,0.8415178571446259,0.9729032258068012
73.png,0.7720364741710627,0.6287128713055092,0.9988555908203125,1.0,0.6287128713055092
74.png,0.5509641873281114,0.38022813688267726,0.8930511474609375,1.0,0.38022813688267726
75.png,0.6576146173835742,0.48988511488575187,0.9376678466796875,0.4928391959805366,0.987912364643697
76.png,0.8574984443070472,0.7505446623120856,0.9965057373046875,0.9609483960953843,0.7741573033733241
77.png,0.6450000000017749,0.47601476015146854,0.989166259765625,0.8983286908092155,0.503120124808868
78.png,0.6687797147437594,0.5023809523928005,0.9968109130859375,0.8274509803989235,0.5611702127776285
79.png,0.5538461538499672,0.3829787234115487,0.992034912109375,0.38479809976977675,0.9878048780491523
8.png,0.28726203374145853,0.1677209470457548,0.859466552734375,1.0,0.1677209470457548
80.png,0.8333333333449073,0.714285714319728,0.9996337890625,0.7228915662984469,0.9836065573797367
81.png,0.8333333334027778,0.7142857144897959,0.99993896484375,0.8333333334722223,0.8333333334722223
82.png,0.8993811597526945,0.8171595168687332,0.9933013916015625,0.8345384942584665,0.9751491053679168
83.png,0.3775226586110241,0.23268285416470624,0.9214019775390625,0.8118503118512898,0.24594552039167697
84.png,0.9498012519934426,0.9044014323920473,0.9678192138671875,0.9815999212830948,0.9199981555771107
85.png,0.8877005347653636,0.7980769230963387,0.9996795654296875,0.7980769230963387,1.0
86.png,0.6103377576346876,0.4391986333283018,0.669403076171875,0.5084349623948976,0.7633271852086179
87.png,0.7546641791050498,0.6059925093647716,0.98394775390625,0.8098098098107617,0.7065502183418928
88.png,0.8626176218991374,0.7584235860411568,0.9632415771484375,0.9682499039816052,0.7777663512959915
89.png,0.7364485981324832,0.5828402366905046,0.9935455322265625,0.9106317411415927,0.6182008368240774
9.png,0.7951543856454162,0.6599637133356063,0.931365966796875,0.9995420196931537,0.6601633393831972
90.png,0.8737430167611873,0.7757936507980994,0.9982757568359375,0.7835671342728744,0.9873737373740562
91.png,0.24238626394379947,0.13790644609364247,0.9077606201171875,0.9907786885246846,0.13808367842476355
92.png,0.6465997770384995,0.4777594728257371,0.9951629638671875,0.48494983278453263,0.9698996655528461
93.png,0.8660550458727886,0.7637540453112661,0.997772216796875,0.9915966386556387,0.7687296416975777
94.png,0.6511627906999279,0.4827586206946097,0.99176025390625,0.4907497565775001,0.9673704414593595
95.png,0.8284789644031448,0.7071823204473815,0.9975738525390625,0.7427466150920166,0.9365853658552052
96.png,0.1884233816292995,0.1040107162563202,0.8264923095703125,0.9962264150943682,0.10405171054776599
97.png,0.45766590390257056,0.2967359050653787,0.9963836669921875,0.35460992910090033,0.6451612903454734
98.png,0.3656454043226236,0.22372464659358499,0.9807281494140625,0.9732620320862764,0.22510822511301729
99.png,0.003473121391837636,0.0017395815850027101,0.0017852783203125,0.001739953296142838,0.8906250000085448
